,0,1,2,3,4,5,6,7,8,9
0,Mr. David Marshall,Brian Snyder,Lisa Howell,Vanessa Anderson,Alejandro Chung,Joshua Castillo,Donna Randolph,James Burton,Marcus Serrano,Michael Keith
1,Elizabeth Valencia,Joshua Myers,Christian Dodson,Tina Rodriguez,Anthony Potter,Peter Cunningham,Jeanette Swanson,Mary Jackson,Randy Villarreal,Jason Ramos
2,Christina Rivera,Lauren Cannon,Mark Wood,Brooke Crawford,Casey Bowman,Mary Long,Daniel Murphy II,Shane Martinez,Chad Aguilar,Paul Morse
3,Wesley Watkins,Stephanie Blanchard,Danielle Roy,Dalton Myers,Susan Medina,Raymond Irwin,Sara Henderson,Hunter Ramsey,Amanda Blake,Paula Bird
4,Alicia Smith,Amy Brown,Anna Rogers,David Lopez,Alexander Jones,Gary Taylor,Troy Harmon,Meagan Young,Joel Keller,Sergio Liu
5,Jerry Ferguson,Brenda Walker,Seth Baker,Anna Young,Jacqueline Cox,Cynthia Stark,Arthur Rodgers,Raymond Holt,Kelli Sanchez,Suzanne Dalton
6,Jeffrey Williams,Amy Rodriguez,Jeanette Mills,Michelle Smith,Mary Hayden,Brittany Mckay,Latasha Dean,Melissa Wyatt,Todd Griffin,Denise Mason
7,Max Owen,Bryce Marshall,William Howell,Linda Parker,Stephanie Henson,Sheila Johnston,Craig Walker,Emily Davis,Danielle Foster,Emily Herrera
8,Michele Campbell,Leslie Quinn,Ashley Vega,Stephen Taylor,Julia Krueger,Denise Pham,Logan Roberson,Gail Stewart,Elizabeth Wright,Latasha Brown
9,Jacqueline Barton,Deborah Richard,Michael Lewis,Daniel Shelton,Melinda Anderson,Brad Kelly,Trevor Olsen,Aimee Gordon,Mike Kim,Edward Evans
10,Amy Kline,Stacey Perez,Helen Wilkinson,William Orozco,Sandra Andrews,Joe Jackson,Brittany Thomas,Kristen Kelley,Kelly Brown,John Mendoza
11,Tracy Monroe,Catherine Fisher,Mr. Michael Zhang,Steven Reyes,Natalie Johnston,Carrie Berger,Kathryn Powell,Leonard Mueller,Julia Campbell,Brian Perez
12,Mia Beard,Jacqueline Bowen,Jonathan Stuart,Phillip Campos,Linda Mullins,Jordan Clark,Keith Morrison,Matthew Gonzalez,Richard May,Kiara Paul
13,Jason Webster,Chelsea Garcia,David Wade,Michael Russell,Marie Nash,Tina Travis,Jasmine Brandt,Terri Stark,Heidi Santana,Samuel Smith
14,Christopher Pearson,Courtney Alvarado,Deborah Martin,Kelly Cuevas,Elizabeth Mitchell,Austin Brown,Terri Meadows,Amanda Sheppard,Katie Carr DDS,Derek Rogers
15,Marcus Grant,Cindy Lane,Danielle Jackson,Luke Williams,Joseph Johnson,Dr. Jacob Kelly,Joshua Diaz,Morgan Wilson,Summer Thompson,Dawn Hunt
16,Melvin Stanley,Michael Brady,Laura Salas,Johnny Austin,Jessica Kelly,Scott Willis DDS,Kristen Patel,Thomas Snyder,Bruce Thompson,Charles Nunez MD
17,Robert Dickerson,Jeffrey Brandt,Jessica Mccarthy,Carrie Kent,William Mills,Matthew Smith,Virginia Osborne,Andrew Chandler,Karen James,Anthony Patterson
18,Joseph Hess,Amy Walters,Alicia Simon,Christian Macias,Sally Ortiz,Darryl Soto,James Pittman,Joseph Huffman,Edward Brown,Joshua Stevens
19,Brandon Fisher,Cynthia George,Jonathan James,Hector Davidson,Samantha James,Joseph Medina,John Cunningham,Gregg Johnson,Oscar Bennett,Douglas Cannon
20,Robert Webb,John Keller,Ethan Harris,Daniel Arnold,Shelly Miles,Misty Woods,Timothy Brown,Eric Sanders,Clinton Ramirez,Mary Garcia
21,Susan Jones,Erin Arias,Jamie Holden,Daniel Miller,Brenda Osborne,Ronald Shea,Bryan Oliver,Amy Wise,Matthew Banks,Robert Patterson
22,Adam Sutton,Grant Knapp,Jake Lane,John Holmes,Jay Williams,Dawn Moore,Carlos Taylor,Ellen Jarvis,Joseph Velasquez,Sarah Black
23,Scott Walton,Dana Figueroa,Megan Thompson,Amanda Day,Calvin Walker,Brandon Dorsey,Stephen Williams,Kellie Anderson,Jennifer Vargas,Kathleen Cameron
24,Karen Wood,Daisy Dominguez,Nicole Calderon,Logan Brown,Stanley Kent,Tamara Olson,John George,Melissa Dennis,David Green,Cameron Ortiz
25,Christopher Parrish,Patrick Bryant,Tammy Martin,Jennifer Dyer,Luis Villarreal,Heidi Rogers,Elizabeth Rose,Francis Hill,Jane Gonzalez,Linda Johnson
26,Dr. Samantha Cervantes,Rebecca Fletcher,Dr. Elizabeth Ayala MD,Sharon Gallagher,Ian Alvarez,Ms. Tracey Thomas,Anthony Williams,Jennifer Miller,Tracy Martin,Dalton King
27,Hunter Smith,Marc Burns,Jeremy Lewis,David Jones,Linda Hamilton,Crystal Ortega,Jonathan Baker,Valerie Campbell,Casey Hale,Brianna Brown
28,John Schneider,Danielle Ruiz,Connor Carroll,Benjamin Harris,Katelyn Carpenter,Kathleen Robinson,Patricia Cox,Omar Castillo,Michael May,Jon Snow
29,Lawrence Roberts,Latoya Cook,Kevin Johnson,Michael Parker,Ryan Thomas,Amy Chan,Morgan Chen,Seth Meyers,Jessica Thompson,Steven Johnson
